<?xml version="1.0" encoding="utf-8" standalone="yes"?>
<rss version="2.0" xmlns:atom="http://www.w3.org/2005/Atom">
  <channel>
    <title>Tags on 霍爾果斯會計師事務所</title>
    <link>http://localhost:1313/tags/</link>
    <description>Recent content in Tags on 霍爾果斯會計師事務所</description>
    <generator>Hugo</generator>
    <language>zh-tw</language>
    <atom:link href="http://localhost:1313/tags/index.xml" rel="self" type="application/rss+xml" />
  </channel>
</rss>
